Commit Date,Commit SHA,Positions,Mates,Best mates,Better mates,Wrong mates,Bad PVs,Release tag
2024-05-19T12:32:00+10:00,e08e16f959d8d7cbf0980c01c3a05dd225dc4bfc,6554,1217,900,,,324,
2024-05-19T12:48:00+10:00,f6dd61be070eec495045639d45883768e073e86c,6554,1217,900,,,324,
2024-05-25T23:59:19+10:00,a1de4d37b626f19eafefeed9cdd893ace3e30e14,6554,1217,900,,,324,
2024-05-29T18:31:27+10:00,07af0cbbaa0c95b11f41c78473e5b98e2d081565,6554,1217,910,,,325,
2024-05-30T18:41:10+10:00,0a905f422a29a70240b43936a5e316a45bf1d24b,6554,1201,895,,,328,
2024-06-01T22:59:41+10:00,13b68d04d2908b42834345d09c32e74dde5c0e78,6554,1201,895,,,328,
2024-06-01T23:10:26+10:00,d566991faa0240f3cc6cfd819e5777d7702df14e,6554,1238,948,,,327,
2024-06-02T13:05:17+10:00,51d2b3e1aea0679182c3c228e3eca1aa1b838732,6554,1238,948,,,327,
2024-06-04T18:10:07+10:00,1ff4b5636de7ebf0ec9609e8f74899dbd4e282c9,6554,1238,948,,,327,
2024-06-04T19:12:13+10:00,d87031b487fd42caa81821c7dfd66e07e4abcc31,6554,1459,1144,,,329,
2024-06-05T20:49:06+10:00,054f5bedca9f4999aa79f5e5dca3985a10617b0d,6554,1459,1144,,,329,
2024-06-08T14:42:41+10:00,2e47a8d167ca8cd73812bc546fa913274770e9c8,6554,1528,1218,,,329,
2024-06-09T20:49:35+10:00,e14a935a5ee1c7f31b7752d76c9e3a92b725177a,6554,1542,1243,,,313,
2024-06-09T20:51:56+10:00,d810d4fdbaf0846076a5fd1fb5e3e426deafe4e1,6554,1542,1243,,,313,
2024-06-11T17:38:46+10:00,3e8a74996bf7d31bdb15e1078ad132dd7cc153a6,6554,1542,1243,,,313,
2024-06-11T21:03:48+10:00,063181dc931c9de45dce1732ab5f77bd54e6f769,6554,1591,1292,,,313,
2024-06-19T19:17:21+10:00,7d363b5ae0987f2aa45c79bd661883af78502483,6554,1599,1296,,,313,
2024-06-22T15:00:21+10:00,2ccaf0d0b7c8314a9d9b87408cf481f522444b23,6554,1626,1284,,,313,
2024-06-22T20:57:50+10:00,1f41d440beee0a26369602fd397556ba6be13a41,6554,1625,1284,,,313,
2024-06-23T19:25:00+10:00,54170dcc7ad316fb724f928d24fe46f8675d710a,6554,1628,1285,,,313,
2024-06-26T17:36:36+10:00,83f8318892b48da882682335a1932e63999ac22b,6554,1640,1307,,,313,
2024-06-26T17:42:25+10:00,11e7930d9bf7e792d7d9ae43d693a3cf43ad764a,6554,1640,1307,,,313,
2024-06-27T18:14:58+10:00,fdf22fe9f1b6c8a138914873e11ea5d21931620e,6554,1651,1309,,,313,
2024-07-01T18:32:28+10:00,0a94f6298cd6b4db85e0dea064015c90d9cb937d,6554,1651,1309,,,313,
2024-07-01T18:47:09+10:00,9d27ec18d00f648690b46bcef1af283cf3be17d0,6554,1651,1309,,,313,
2024-07-02T18:56:38+10:00,86c1c309568a75d448a5d105d1ad5fc5ae1d7984,6554,1627,1284,,,313,
2024-07-03T17:08:10+10:00,9bad17c56266bcec6def1c8a337baf41f4185717,6554,1627,1284,,,313,
2024-07-04T22:42:18+10:00,4dd8a25e735c264351e3b28d88e3697e584a75f9,6554,1657,1289,5,,522,
2024-07-07T14:16:37+10:00,5f6130fd8a9e74c5e623680709dddf68a2654ad9,6554,1657,1289,5,,522,
2024-07-07T19:37:10+10:00,fa6dd7f6c56e0ceac24829fffb4eaf5e64679d20,6554,1657,1289,5,,522,
2024-07-08T18:56:15+10:00,b8df36ac6caf1b274fcb5165942633db1b9ea197,6554,1644,1288,,,485,
2024-07-14T15:17:13+10:00,9111750655f5641f53ed191592fd5006754ddd24,6554,1643,1275,,,313,
2024-07-14T15:27:43+10:00,8a3ef5d932ef29d6e5c5998f01f8008eaf2be119,6554,1643,1275,,,313,
2024-07-16T08:36:03+10:00,2f8e9d32c29ded5162674d3f9ccd6b641399aeff,6554,1633,1266,,,313,
2024-07-17T22:39:18+10:00,fabe85f81a3d33d345d17df0f3f01bf00f663294,6554,1655,1289,,,313,
2024-07-20T15:39:47+10:00,6b16c69adf28d468d32fab2ec88788fdb63d4db6,6554,1670,1306,,,313,
2024-07-20T18:13:17+10:00,35a1169b1a4a786163c2ce807787c75d9cd978b5,6554,1670,1306,,,313,
2024-07-20T19:54:38+10:00,5947ba78d5c74f87d9ad2ce0d694da2ae5e26770,6554,1670,1306,,,313,
2024-07-22T22:18:05+10:00,ae79e24629c0cd0c106de756fc5b853ac48c2c80,6554,1664,1307,,,313,
2024-07-23T19:39:09+10:00,e5d7b79478be0cff957f4b878be0467e4b315615,6554,1664,1307,,,313,
2024-07-24T20:15:32+10:00,e5d7aac5d8b99e7a185127a995eb3df6833c2aeb,6554,1664,1307,,,313,
2024-07-24T22:12:56+10:00,2d6c83b8059c20e294879fb94e901473dfe42833,6554,1664,1307,,,313,
2024-07-28T15:00:59+10:00,03073377fc29666b5afebc70cdb61cc6e8f4a600,6554,1664,1307,,,313,
2024-07-29T18:49:31+10:00,873190da363f625fa442f54e385eaddc6622a457,6554,1654,1282,,,313,
2024-07-30T20:00:41+10:00,9ecfc24fd8248f7fb795bff8feb1b1c251f1899a,6554,1684,1308,,,313,
2024-07-31T21:30:50+10:00,724a9eef0bdcf3dcce10dd1508ec7183eeeb7317,6554,1684,1308,,,313,
2024-08-01T19:25:23+10:00,201135407751c8ad3b8de319c37f9be3fcbbf025,6554,1644,1261,,,313,
2024-08-01T23:13:39+10:00,cd28261992399ed444083e8622402bcb50269e80,6554,1644,1261,,,313,v12
2024-08-03T23:21:06+10:00,3e04a322f5ec70c5658433c26505a1cef3c6dd92,6554,1653,1271,,,313,
2024-08-03T23:32:38+10:00,d2f5d7b0ad29f256a63108a9b4c4b5a020f58b34,6554,1654,1289,,,313,
2024-08-06T19:16:11+10:00,10a6fa0b1983da057de37919807d6880d2e2c6dd,6554,1768,1375,,,313,
2024-08-09T21:46:51+10:00,0b5bfac65f391910b05452338e7c869058d489df,6554,1768,1375,,,313,
2024-08-09T22:16:35+10:00,c0dbf3a25c6f483b4f5e74333e533975704333a5,6554,1768,1375,,,313,
2024-08-10T21:35:22+10:00,b09f98abf65da4eb097996b65703f1b3ea8226f8,6554,1768,1375,,,313,
2024-08-12T20:14:39+10:00,adc8a3e7458f864f5caff28aa1548f4c6d5dc432,6554,1768,1375,,,313,
2024-08-13T21:57:48+10:00,2e8525b6888de395b60281f711c8ea93dd4e79f4,6554,1753,1371,,,313,
2024-08-14T23:15:55+10:00,e176d7cada37b74b9d08d660534b6245ace96177,6554,1721,1331,,,313,
2024-08-17T12:04:20+10:00,9264296731d69f2336817fab59ce6ff638fc366c,6554,1744,1331,,,313,
2024-08-22T19:32:54+10:00,421b4f1427ec8017d24ef15554e18368e7e34b67,6554,1746,1373,,,313,
2024-08-23T19:45:34+10:00,731f92f7573cb6ed1190be8b2063ab3b1b76ee0c,6554,1731,1359,,,313,
2024-09-07T00:02:28+10:00,16bb1af02f8f0694ca4ea605fa4fbb41efdb7f44,6554,1747,1376,,,313,
2024-09-07T17:10:23+10:00,15e25e7ea4ccaeb02525ba754c3047accb491c35,6554,1770,1401,,,315,
2024-09-09T19:22:09+10:00,fcf321a81888ae64fbecb8ad9513f9537aaabb5f,6554,1768,1398,,,313,
2024-09-09T21:18:49+10:00,750c697f0c48fa81f07554d7d6e68f9ebd2d6ac6,6554,1741,1370,,,313,
2024-09-11T08:54:06+10:00,123bcfef7b5df93b4b90c626d0cc1f101ac213f4,6554,1759,1369,,,313,
2024-09-15T12:50:24+10:00,f7da107b0e535dc0d3769d5762802d397407baf9,6554,1773,1408,,,313,
2024-09-15T12:51:43+10:00,66c4e336f0969bc12f8bbe16bb2dff179d4c1acf,6554,1773,1408,,,313,
2024-09-15T13:49:59+10:00,11b25b599450ffb55dfa4827d76841180478979f,6554,1773,1408,,,313,
2024-09-15T13:55:16+10:00,792f1fbd7fef50725739cf1500442d07bb773bbc,6554,1773,1408,,,313,
2024-09-22T13:22:47+10:00,87a45fe29d109facb8915050eb8b37a5f1eefae7,6554,1757,1395,,,313,
2024-09-23T19:25:22+10:00,dd9698c7917a8b78b62063ed7fe0f3e224620066,6554,1758,1380,,,313,
2024-09-24T21:32:50+10:00,57a3b9b1dd06037e1f2550fee0806c4cf60e1c95,6554,1758,1380,,,313,
2024-09-25T19:29:05+10:00,dc7eb75ed2526f0890188a5eb3d076a755420f9b,6554,1758,1380,,,313,
2024-09-25T23:48:12+10:00,ea3b11b612881d783f6824b84e98df2a0b24c06b,6554,1758,1380,,,313,
2024-09-26T21:54:34+10:00,e0af234b5e86c29c502e816dd31ddadf3b652d76,6554,1758,1380,,,313,
2024-09-30T21:33:56+10:00,9436b3b796ec51979902d900d517db69be960a4e,6554,1787,1405,,,313,
2024-10-05T11:00:54+10:00,cbab53ef909b01fa163ca04334aba60cdf764041,6554,1798,1433,,,313,
2024-10-08T14:28:00+11:00,f9cd27301d3f654abcb6d9a0c580018407429b21,6554,1776,1387,,,313,
2024-11-07T00:00:54+11:00,b699cef2e48a6b09d5583c8f1e82cafba123697e,6554,1776,1387,,,313,
2024-11-07T00:01:18+11:00,f5af3c8378d6f5689b37e8036e51a34a99b70ee2,6554,1776,1387,,,313,
2024-11-07T00:01:53+11:00,f12cde18ad51e5806ed2ca666db4fe3b592a3783,6554,1776,1387,,,313,
2024-11-07T00:03:05+11:00,a6bb31a8fb8b251d8294eb668b7da55dac5ab5af,6554,1776,1387,,,313,
2024-11-10T16:20:54+11:00,3ce9248d144f11d4145892df7d927089bf3252aa,,,,,,,
2024-11-10T16:23:12+11:00,1e87604e128c2cbb24c3e543293014d8ee263709,,,,,,,
2024-11-10T16:24:33+11:00,5ff5cb88d2a03b3f12187301c07bf4eddcdf7bf2,,,,,,,
2024-11-10T16:25:56+11:00,a1d1cdd269a46999a054a4db133d0bb100b91509,,,,,,,
2024-12-27T00:48:51+11:00,0dc018b8cf7c4a9d75d5cec687335c99604447d4,6554,1743,1353,,,,
2025-03-31T22:03:43+11:00,bf1b8b3aa782049647e332ccf2562f1f58596a2a,6554,1743,1353,,,,
2025-03-31T22:14:20+11:00,0cd653aa8cd0b53dabd427bd4310ead1f31a2b2b,6554,1743,1353,,,,
2025-04-01T20:11:06+11:00,8908ba99d4cff9301dc0fcabb64477fc907268e4,6554,1743,1353,,,,
2025-04-18T12:04:46+10:00,77a048039088e67c64d80e4e6e6ce2ed9f3e0888,6554,1743,1353,,,,
2025-04-24T19:48:00+10:00,0a8af542f2405f8d9abdbb29afbb4fc1f9ff5bb1,6554,1743,1353,,,,
2025-04-24T19:52:04+10:00,eae7b7e8c3a684a671386db67a9e72964a26162e,6554,1743,1353,,,,
2025-04-24T19:53:23+10:00,5ecc577a77c876133c392e9966eedb7ec5a5d76c,6554,1792,1403,,,,
2025-04-25T15:20:30+10:00,5dae20e97b7780e322fc83fb56a6382d3c12e924,6554,1794,1410,,,,
2025-04-25T23:39:14+10:00,3eda86174cdf1fb46870c53e7fb5ca8947b684c0,6554,1783,1407,,,,
2025-04-26T17:06:32+10:00,f96a7063b080a9f1a60909afac3390e673944653,6554,1775,1397,,,,
2025-04-28T09:23:26+10:00,ae4ea4f5bda0fca9d651814af4eccafb04504c5b,6554,1784,1406,,,,
2025-04-28T09:26:03+10:00,08d91849e9dc46f2a2234238d2ab7b36b61322d8,6554,1797,1404,,,3,
2025-04-30T00:21:57+10:00,2b6c8436ee9b2a6559490db36c6c8d0063ccf5df,6554,1802,1420,,,,
2025-04-30T19:20:11+10:00,2c1f798aa5d34464519559be0f7ccac8780841dd,6554,1804,1404,,,,
2025-05-01T18:42:27+10:00,9d9458039e561b6dffd4030307bbaff5791f67f4,6554,1826,1456,,,,
2025-05-01T19:22:15+10:00,a19b217c1292601bb893d041a13f2a86aa547b42,6554,1826,1456,,,,
2025-05-03T22:17:12+10:00,2d03b7327a1b51c98d009c8f0500f88225a4e8b7,6554,1826,1456,,,,
2025-05-03T22:46:51+10:00,1c8942429697d1882c7154b693c4c3442e2175d9,6554,1826,1456,,,,
2025-05-04T01:14:31+10:00,491f9685d2c6a0c74d048390c0d09b8bd36b042f,6554,1826,1456,,,,
2025-05-05T19:10:32+10:00,c839f000c36880a2cf58ae47f059d3064b38bc0f,6554,1825,1457,,,,
2025-05-07T20:42:35+10:00,623d1ad3efd11d950e0c686240ad5f8895895f89,6554,1825,1457,,,,
2025-05-08T09:46:13+10:00,bfe063ad51a3b1a545b9fc322f06fe285f7e8f88,6554,1797,1409,,,,
2025-05-16T19:22:19+10:00,dcfee935f40c0bbbf47f11ba8d7a3cced828fb63,6554,1803,1394,,,,
2025-05-16T19:25:43+10:00,c92daa38daa92d1f0ba42c18d4a032fe2c449da3,6554,1803,1394,,,,
2025-06-01T14:03:24+10:00,f5af204e454539ae68649df592c573cdc4dbc455,6554,1809,1432,,,,
2025-06-03T23:14:20+10:00,bcf6ff8e24454f3955bb9f8f00ff5e38a8a4581c,6554,1780,1413,,,,
2025-06-04T23:35:53+10:00,310f928eff1bce46d1c3145d2cfeef6898e5d7b7,6554,1829,1428,,,,
2025-06-07T22:53:32+10:00,c9dd3e2c7a1ea227e35dd941e97ea8da132d4b88,6554,1829,1428,,,,
2025-06-10T09:34:43+10:00,b96386b37e755fa1a0d3ad89e185cdd6e5e13711,6554,1768,1385,,,918,
2025-06-10T09:43:57+10:00,e48d57d72026c3bae037cda61dbd6b81ef47626e,6554,1852,1429,,,902,
2025-06-10T19:56:41+10:00,2d66f39365a80d15fd5d20767756238ec6caeffa,6554,1615,1284,,,933,
2025-06-11T20:12:31+10:00,57cf22ba20375de77a9d510159c4492297053e99,6554,1642,1317,,,991,
2025-06-12T09:47:17+10:00,6927c074f44bd80dc729feda7eb7071f9be39b78,6554,1650,1332,,,925,
2025-06-14T10:56:07+10:00,92e8b18a5d5140400764047486a99a4276501a03,6554,1650,1332,,,925,
2025-06-14T10:57:13+10:00,4bf8e7adee4ae8c64f4ed92f379ffaea22acd376,6554,1650,1332,,,925,
2025-06-14T10:58:35+10:00,cefee953f7473710877ef343f899c8a98495570d,6554,1704,1385,,,1,
2025-06-14T11:36:39+10:00,5911ff5bac1f17164e34da22ad53a523f651a99e,6554,1660,1345,,,,
2025-06-16T19:43:16+10:00,ddf0ca0660c9eb05521c77811acae638cb5baacc,6554,1660,1356,,,,
2025-06-16T19:48:04+10:00,e30699d6bec7144b3edb45c6f282ee654b7cf781,6554,1644,1343,,,,
2025-06-16T19:59:53+10:00,e8751630bcb4d57ddfc2a111a94a3d48f6ada07f,6554,1644,1343,,,,
2025-06-17T23:02:11+10:00,8278d7b33c68bc2fbcd09a9db0cf4c477da7bbb3,6554,1644,1343,,,,
2025-06-17T23:11:15+10:00,70d90f2b7481fb6809b3d9b89cd335df2bfe3cf0,6554,1651,1332,,,,
2025-06-18T10:03:02+10:00,125349ddb5b31c0899bf9049054fce5a8d9a046a,6554,1651,1332,,,,
2025-06-18T19:39:29+10:00,0f4a61043750e9c29457a20b49548696d69dfad2,6554,1651,1332,,,,
2025-06-18T20:05:06+10:00,1f5db2e481ecbd15731ba1dcd759ddc3c2e32748,6554,1651,1332,,,,
2025-06-20T21:58:40+10:00,81efe324800ff1930d60da74265b313bde36a68a,6554,1725,1401,,,,
2025-06-23T19:29:54+10:00,710f5e341a9a0e3be1309434b009efd722b1468c,6554,1725,1401,,,,
2025-06-23T22:36:25+10:00,fdcc6a76f6c4ad652fedd43003b3c91709633bf2,6554,1725,1401,,,,
2025-06-24T22:46:47+10:00,03c5f0490693c056051a7195a47de72abcc7cbab,6554,1725,1401,,,,v13
2025-06-28T11:50:30+10:00,6ca3573c02367880b3822fd0b74495177db04e92,6554,1725,1401,,,,
2025-06-28T11:51:37+10:00,d530372ac44dfa675607cf77bf46973981742892,6554,1725,1401,,,,
2025-06-28T11:52:35+10:00,d9224b67d9e150423b00f19dd1b79eebaf08481b,6554,1725,1401,,,,
2025-06-28T11:53:52+10:00,79bf9b50f50a7625e48655b7a3d20294c43f8245,6554,1725,1392,,,,
2025-07-01T21:18:36+10:00,9f40ee7d867819aaa11ecb81a48d18cc62dcf0c8,6554,1725,1392,,,,
2025-07-04T21:15:35+10:00,42bdc523d2251bfefe67178ddc284ff93c2f0f05,6554,1694,1360,,,,
2025-07-05T12:26:37+10:00,8ce5cdf48d25ad0d1e0931bbdf4aa86119ad1ff7,6554,1755,1421,,,,
2025-07-06T16:59:55+10:00,d87be4ab3cd9743ce614f3c2639600d8d2be7431,6554,1682,1371,,,,
2025-07-07T20:06:09+10:00,e7f13e4d5160d8eb6a5913bcababfadd28e056bf,6554,1708,1378,,,,
2025-07-08T19:30:16+10:00,346e2de7f633e405dd0c55a3d7973e0792f3f2d9,6554,1538,1275,,,,
2025-07-08T19:36:26+10:00,3cde81a378f2751acfefbb3bf1b8aadeddc9d4fa,6554,1561,1284,,,,
2025-07-08T23:48:42+10:00,cd33146ab5b683e209ebcbe600821cd88d3c3adc,6554,1529,1253,,,,
2025-07-10T09:36:09+10:00,d49408285ac7bdcd3c5cfb773f2b09a2901a49c2,6554,1529,1253,,,,
2025-07-10T21:16:26+10:00,f6e491cdcaca73c186654841756146ba577778a4,6554,1545,1280,,,,
2025-07-10T22:42:24+10:00,1f5e07c10acf3a990d067ae3f89d70f680aa075a,6554,1545,1280,,,,
2025-07-10T22:52:03+10:00,db5020b335000af4b287c1b9b329e2ff7fbf74ff,6554,1544,1279,,,,
2025-07-11T23:32:41+10:00,fcee3197def9ff29995ae9b43a269f3b38538135,6554,1547,1261,,,,
2025-07-14T19:44:07+10:00,26bad37abdd79d0095b2be05462c06874b48e5cd,6554,1547,1261,,,,
2025-07-14T20:49:11+10:00,5da49cf517e2986638cf2ba3035506d1d89ed275,6554,1583,1272,,,,
2025-07-16T21:39:13+10:00,d209fd1075587c1ffeca5371733c103c6b87493f,6554,1583,1272,,,,
2025-07-16T22:14:07+10:00,51bbf435a1e5b2cf11bcb9150237764f11f007e1,6554,1583,1272,,,,
2025-07-17T22:52:05+10:00,a95f82fcda1d6587af02c94a97f16dedc5d3dfbb,6554,1583,1272,,,,
2025-07-19T12:46:05+10:00,94104b704f2a94b84395b41e4ad3907cf74fd7c2,6554,1891,1503,,,,
2025-07-19T17:20:50+10:00,c952a36a06b15bb5e7d869982688508b485e83de,6554,2033,1612,,,,
2025-07-19T19:22:27+10:00,72840ed664326b36edeb328dd48f71ab99b4d067,6554,2060,1645,,,,
2025-07-20T11:09:48+10:00,a98c5139c78986689c84a0de924e2c58300115f3,6554,2013,1592,,,,
2025-07-20T22:50:04+10:00,c95edeb726e680559ee92340e4b01da53d940024,6554,2013,1592,,,,
2025-07-21T22:18:55+10:00,c2730db4215fce51ab72ef535b1221da9d41eda7,6554,1965,1582,,,,
2025-07-22T20:39:35+10:00,2ecc6abe10d7a929cf90b17fca9f43279a3e7394,6554,1953,1590,,,,
2025-07-23T20:46:20+10:00,492455dcda5608454095fa416a60f4193a10c921,6554,1814,1477,,,,
2025-07-23T20:53:37+10:00,3d5ed44aec756207221d0e77c9f27ff3861c55b7,6554,1836,1485,,,,
2025-07-23T20:58:34+10:00,1f3cbe36180b7501cb950de7163892bda3e5b176,6554,1857,1521,,,,
2025-07-23T21:40:08+10:00,19d8824dded45882b5d494d682f444c07226fc58,6554,1857,1521,,,,
2025-07-25T20:24:10+10:00,f0826a584456ac3db4d0096832daf94c91e7022b,6554,1799,1461,,,,
2025-07-26T14:02:11+10:00,7a3ea0adfbbb33a3b56759fa66305fecd992d5f0,6554,1783,1470,,,,
2025-07-26T23:05:08+10:00,5c42bf514c6fbb1568e4ec29a7137d8c29326cf5,6554,1783,1470,,,,
2025-07-28T19:18:37+10:00,4904954a6838d9dd7a2dcf9b6f0098fe328349d2,6554,1783,1470,,,,v14
2025-07-30T19:02:26+10:00,43ee4a3057cc611885d11f77258ef599be4c9e30,6554,1829,1491,,,,
2025-08-01T19:54:35+10:00,50a42bca43f5b7b431b9d8a76b67a926b427f909,6554,1805,1468,,,,
2025-08-01T22:39:24+10:00,b73f6919e9163fd6e77ea8dd5e4577c63604f793,6554,1837,1491,,,,
2025-08-02T12:42:17+10:00,bfc4db3932c6f020cb069651a57cfd614c0f2b00,6554,1836,1492,,,,
2025-08-04T21:17:45+10:00,2500ae8175e32d563c8f9d33a5a316ac1567d87d,6554,1825,1484,,,,
2025-08-04T23:31:59+10:00,50fd3f26f2f562cd5dcf07fb1b3bb10eddab30c4,6554,1825,1494,,,,
2025-08-06T19:09:11+10:00,1d9418301fce622931abe59d5aad093ff20be33a,6554,1868,1509,,,,
2025-08-08T18:20:19+10:00,b6065ac953257760c2ffe19c9ccfb3cb638702ec,6554,1941,1589,,,,
2025-08-08T18:31:30+10:00,8d82555105b2b7d06511e90e8cbd81a726ac99ac,6554,1948,1583,,,,
2025-08-10T15:16:47+10:00,6f73057f1726b140f8f226ecf9b3f4420084a380,6554,1956,1587,,,,
2025-08-10T21:26:09+10:00,993ba4c89edbacbed11a82d77b98ebbf0815b7f5,6554,1950,1601,,,,
2025-08-11T23:16:52+10:00,1165a33513a88cf943f761e78e5e0d2b31d89370,6554,1950,1602,,,,
2025-08-12T22:41:59+10:00,0c206d5372bef653d2295c9f27d1d9881cc4a2c7,6554,1988,1618,,,,
2025-08-12T22:50:38+10:00,6b0db7a8bcb7bf4d0bc4bae0823ddfd5f13284fe,6554,1988,1618,,,,
2025-08-13T10:06:52+10:00,574d6c14b5845099a0d217987140669d5d7a2bbb,6554,2021,1645,,,,
2025-08-13T10:11:14+10:00,47ac628dd9e7d86820dfe248610691b5bcbea54d,6554,2021,1645,,,,
2025-08-14T17:30:18+10:00,c86944262400310792edb958ae8547c93df4c56f,6554,2145,1762,,,,
2025-08-14T20:20:41+10:00,e283df69615af24ef8011028dcf2e9f6c0ad1512,6554,2145,1762,,,,
2025-08-15T23:17:09+10:00,1dd6a478642714839a2eb235d63cb3178523b33c,6554,2145,1762,,,,
2025-08-15T23:22:18+10:00,40a44ef175d2cf4747006ffa66ae9976767b35e8,6554,2051,1712,,,,
2025-08-16T11:29:42+10:00,f8cf7623b0f506c50839c8a14e093067aaf1b380,6554,2054,1713,,,,
2025-08-16T11:39:14+10:00,ccc09ad2daa9132041cd232dde03cbc191156377,6554,2054,1713,,,,
2025-08-17T12:46:40+10:00,4135c2ec78b7fa222079dca10c9c72c5458a5707,6554,2054,1713,,,,
2025-08-17T12:50:03+10:00,a206814d63cc047be357e2b4b84e74497caf5d56,6554,2054,1713,,,,
2025-08-17T22:08:14+10:00,ce3354813d1bf246c40bf547e16b689bd460dfcd,6554,2054,1713,,,,
2025-08-18T19:31:04+10:00,bde5416ef1c6611eed15197771e99a5adf1c92da,6554,2074,1717,,,,
2025-08-23T15:15:42+10:00,1118f5ac58015b43288a2ef70b516a5ac6b1b34b,6554,2074,1717,,,,
2025-08-24T22:22:31+10:00,ab099abad62b20d6400c642de8b45df95b536841,6554,2074,1717,,,,
2025-08-25T14:42:48+10:00,46826d5fc2eb6aa5905ddacc0d503f1eb96708c9,6554,2062,1699,,,,
2025-08-25T18:29:59+10:00,3f014ecedbdbb03003b11310a0d7aae146a8e4f9,6554,2050,1705,,,,
2025-08-26T11:50:02+10:00,39ac188531c930a927cc438321a75c29686b1997,6554,2050,1705,,,,
2025-08-26T11:55:06+10:00,f7d69874e133e697b6b36e01a79eb8b0f585d3bc,6554,2050,1705,,,,
2025-08-26T12:07:35+10:00,2bab55fcde2aba76f91d8dacdaaaaf86369fdb13,6554,2050,1705,,,,
2025-08-26T12:11:39+10:00,8e5db2d9c105084a26c4984f613f5bfaed578b1b,6554,2024,1653,,,,
2025-08-26T12:16:02+10:00,27e6e931bf6f96c4a99aa770e4e5da1220fd46e3,6554,2024,1653,,,,
2025-08-28T01:07:31+10:00,619fea5ed7a3ffb27508bc03003bce4adcdfc203,6554,2024,1653,,,,
2025-08-28T01:09:07+10:00,dac269f3002b56f5b821506a8ac63d3e1c1c0e73,6554,2003,1647,,,,
2025-08-28T01:15:21+10:00,93a097d78215c9c87259fd1eca6fa6a673fd4413,6554,2064,1681,,,,
2025-08-29T16:01:49+10:00,87e0d7d8b055c21744eed781ce753d35ba51babc,6554,2064,1677,,,,
2025-09-01T19:36:45+10:00,ef5a29edd9b8ab5e5b9b2f1897505d8a00ffc062,6554,2064,1677,,,,v15
2025-09-03T20:47:07+10:00,4d2bcc3ba46e39f7a12bb0cb679d07293c7211c9,6554,2064,1677,,,,
2025-09-09T21:27:29+10:00,fd4ec0f115fdaf99a03fa5c66903214bc4e1ec08,6554,2153,1735,,,,
2025-09-17T20:40:07+10:00,9e4813fdda85066b5497fd27e1e7c71c3eb8ecc0,6554,2153,1735,,,,
2025-09-17T20:43:30+10:00,fe0d91d37d58bb1908cc3ed384251d48a39d1129,6554,2153,1735,,,,
2025-09-17T20:45:36+10:00,35b6ff0faed933eb878ad52e1c4736275c5848f4,6554,2153,1735,,,,
2025-09-19T23:29:58+10:00,1171569a4567a5493e7d999a3217d4b2922d7e37,6554,2173,1730,,,,
2025-09-21T12:05:20+10:00,b99acdbae17780e2382fd38a3ebd6c5638d5302f,6554,2153,1737,,,,
2025-09-21T12:34:58+10:00,ef13902daaf2e41c3aa2ab20fd25974330d069d0,6554,2097,1696,,,,
2025-09-21T14:01:06+10:00,2bdae51c1a1e4e1a337ab8e702ec6d76f46c5cf0,6554,2097,1696,,,,
